,Bot,DEX,Кудесники
last_message_time,1626268519.0,1626348720.0,1626348447.0
last_delta,2.0,13.0,644.0
average_time_between,10.0,1.7276854517602365,25.279168159309073
cnt,2.0,18.0,32.0
